{
    "amps": [
        -51447392.88694126,
        -34357026.82565871,
        -34740396.807588935,
        -51740247.01240801,
        -79260641.18094642,
        -107297878.44873919,
        -124676976.04262815,
        -122316520.98290697,
        -95933649.01840836,
        -47283505.23394306,
        16463226.198102262,
        84954796.4863038,
        147710656.2779358,
        196952433.57178223,
        229310315.14356735,
        245954195.8185865,
        251287423.08511558,
        250839005.77723312,
        249214761.51707697,
        248848767.24494204,
        249899978.3184866,
        251137577.74499142,
        251259717.18447495,
        249951865.55549145,
        248159510.5047097,
        247444120.96238154,
        248737514.21348143,
        251114957.98440868,
        251238755.05525228,
        243864166.7955312,
        223353434.13603982,
        185696253.1323589,
        130275322.52779105,
        60658612.25827044,
        -15961351.139713116,
        -90555079.63659842,
        -154670942.04869255,
        -202626837.56245708,
        -232705027.40514222,
        -246955471.6242972,
        -249748014.8350601,
        -245693938.87147588,
        -237791227.69132334,
        -226540035.15979213,
        -210365556.42661673,
        -187136294.44881302,
        -156096461.94226852,
        -119333229.96478976,
        -82058677.07481916,
        -51447392.886941254
    ],
    "tau": 5e-08,
    "pulse_length": 50,
    "pm_det": 10000000.0,
    "pm_amp": 1,
    "amp_max": 251287423.08511558,
    "best_error": 0.0001769848066066615
}